,details,elapsed_time,list,num_of_clauses,num_of_operations,operations
0,"{6: (True, 0.3881669044494629), 2: (False, 0.08003711700439453), 3: (True, 0.18256521224975586)}",0.8680808544158936,"['2', '1', '3', '5', '4', '6', '7']",89583,2,"{5: [(1, 6, 3), (1, 7, 4), (2, 7, 1), (3, 7, 5), (4, 5, 2)], 2: [(1, 2, 1), (4, 5, 2)]}"
1,"{6: (True, 0.3632500171661377), 2: (False, 0.08024716377258301), 3: (True, 0.18080496788024902)}",0.8373141288757324,"['2', '1', '5', '4', '3', '6', '7']",89583,2,"{4: [(1, 2, 3), (1, 6, 1), (1, 6, 2), (3, 5, 4)], 2: [(1, 2, 1), (3, 5, 2)]}"
2,"{6: (True, 0.41195011138916016), 4: (False, 0.37172794342041016), 5: (False, 1.3802638053894043)}",2.408684015274048,"['5', '2', '4', '7', '1', '6', '3']",89583,5,"{5: [(1, 6, 2), (2, 6, 5), (3, 5, 4), (4, 7, 3), (5, 6, 1)]}"
3,"{6: (True, 0.3693273067474365), 4: (False, 0.31236720085144043), 5: (True, 0.35791802406311035)}",1.24416184425354,"['1', '7', '5', '3', '2', '4', '6']",89583,4,"{5: [(2, 5, 3), (3, 6, 1), (4, 6, 4), (5, 7, 2), (6, 7, 5)], 4: [(2, 5, 4), (4, 5, 2), (5, 6, 3), (6, 7, 1)]}"
4,"{6: (True, 0.3879549503326416), 3: (False, 0.1757667064666748), 4: (True, 0.3087019920349121)}",1.0888361930847168,"['6', '7', '1', '5', '2', '3', '4']",89583,3,"{5: [(1, 4, 1), (1, 6, 2), (2, 3, 3), (2, 7, 4), (3, 7, 5)], 3: [(1, 3, 3), (2, 4, 1), (2, 7, 2)]}"
