,elapsed_time,list,num_of_clauses,num_of_operations
0,0.07804703712463379,"['1', '2', '3']",369,0
1,0.09133195877075195,"['1', '3', '2']",369,1
2,0.09301495552062988,"['2', '1', '3']",369,1
3,0.08780694007873535,"['2', '3', '1']",369,2
4,0.08861374855041504,"['3', '1', '2']",369,2
5,0.09329819679260254,"['3', '2', '1']",369,1
